"variavel","chisq","df","p_valor"
"obitoparto",7.21890378248739,1,0.00721397500128729
